Sample,Capric acid,Butyric acid,L-Leucine,L-Valine,L-Isoleucine ,Propionic acid,Propylene glycol,Isopropyl alcohol,Valeric acid,L-Lactic acid,L-Alanine,L-Lysine,Acetic acid,5-Aminopentanoic acid,L-Glutamic acid,Succinic acid,beta-Alanine,Methylamine,L-Aspartic acid,Sarcosine,Trimethylamine,L-Asparagine,Malonic acid,Choline,Betaine,Taurine,Phenylacetic acid,Glycine,Glycerol,D-Fructose,L-Proline,Lactulose,D-Glucose,Galactose,Sucrose,Uracil,Fumaric acid,Deoxyuridine,"3,4-Dihydroxybenzeneacetic acid",L-Tyrosine,Gallic acid,L-Histidine,p-Cresol,L-Phenylalanine,L-Tryptophan,Xanthine,Hypoxanthine,Formic acid,Nicotinic acid,2'FL,3SL,6SL,LDNDFH,LNFP1,LNFP3,LNnT,LNT,3FL,LDFT,LSTa,LSTb,LSTc,Methyl,Sum H1'
G04-3,19.4989,5.7186,10.1688,11.0472,4.5039,5.2059,5.5349,13.8176,17.5382,14.1095,5.708,12.0358,27.7479,1.5885,4.7389,4.1765,7.9704,1.2662,22.5662,2.8982,0.7785,1.2662,1.1483,1.1589,7.3818,7.196,18.5259,47.7507,117.7957,6.1283,7.0978,1.8913,54.024,1.8808,0.2945,0.3876,0.0411,-0.0888,-0.0607,0.6498,0.3204,0.4871,0.6229,0.7949,0.3073,0.09,0.0765,0.7081,-0.2603,6.5517,27.6226,16.9986,7.8892,19.234,6.4371,6.0835,22.6477,0.961,0.522,11.8246,15.4254,16.5776,617.8668,8.6237
G02-3,6.8951,7.2699,29.76,21.1257,12.0574,3.6442,5.1576,24.2316,7.5796,35.2414,18.1421,19.9546,15.4319,1.6078,17.1342,3.7291,1.7374,0.7056,3.0129,2.8533,1.0426,1.7398,1.7186,1.9831,12.056,23.8786,30.3203,207.0966,432.1876,20.5593,5.4622,2.7144,50.4914,0.8425,0.9387,0.2947,0.0251,0.1747,0.0971,3.7298,0.1993,1.2634,0.6222,4.3871,0.3609,0.034,0.0396,0.4712,0.0471,2.9361,19.8954,15.6444,19.8638,13.4979,7.978,3.8817,34.914,2.5639,1.514,12.3194,15.9978,45.3929,796.5483,43.5529
G02-7,7.2905,5.4094,16.8284,13.0127,4.7582,2.847,7.6469,43.782,7.1373,29.9456,12.5365,22.5948,271.3052,1.7157,21.988,24.0375,2.2637,0.579,7.8211,5.1644,0.8994,2.4928,1.8926,1.7024,16.6997,4.2198,68.4829,121.3182,275.7852,33.8861,9.7796,3.4951,95.3344,1.0091,0.3632,0.2582,0.0866,0.0468,-0.0744,1.4642,0.3049,0.8304,0.3064,2.332,0.3204,0.0565,0.0125,0.4431,-0.0135,8.1162,23.7737,57.5585,6.2593,13.268,5.3127,4.3143,18.7359,0.8937,0.3911,7.4066,12.2303,13.2884,422.8393,2.8237
G01-1,6.7054,5.2119,15.7575,10.3234,3.7667,3.9335,4.5176,12.7126,5.8509,9.7923,6.912,12.8528,11.5147,3.8755,8.7494,4.7602,2.226,0.9011,5.4753,3.3947,1.3225,1.4449,1.8727,1.8707,3.3822,5.6691,19.7079,47.5968,93.433,5.9009,5.7898,2.5135,5.9412,0.3356,1.3058,0.3361,0.0693,0.0844,0.0604,0.7303,0.3896,0.5315,0.6715,0.6761,0.0729,0.1138,-0.0425,0.3531,-0.3802,3.8881,12.0584,10.6528,5.8766,7.5917,2.2148,2.9426,8.4024,0.8777,0.9461,4.3003,10.0424,6.8984,194.8766,4.9106
G01-3,6.3391,5.672,11.0286,9.5906,3.6468,6.5593,7.4346,37.4145,5.1129,8.8099,5.707,11.0355,10.0542,1.8006,4.3107,2.9217,1.9688,0.7804,2.4468,3.4749,0.8299,0.8992,1.3663,1.4321,5.9524,10.2848,32.4753,113.7981,280.4075,26.5649,6.3596,4.03,68.5371,0.903,1.1361,0.4668,0.0988,0.1217,-0.0111,0.587,0.2462,0.37,0.4662,1.8712,0.0751,0.0611,0.0986,0.5205,-0.0964,2.0302,15.0602,27.5986,26.119,15.0583,12.0263,3.3821,40.4928,2.0087,0.8852,12.9776,19.1415,88.4256,1130.2288,68.9576
G05-1,7.8827,6.5213,17.5712,10.7192,3.8369,2.9708,4.5216,13.4089,7.0439,10.3207,6.4644,13.4906,11.8815,4.0825,7.6125,5.1627,2.0967,0.8522,4.0953,3.6354,1.3635,1.4054,1.6044,1.8036,2.3997,4.3119,15.7613,33.3728,61.7113,7.8649,7.3113,3.3741,7.6359,0.5969,0.2287,0.373,-0.025,0.0814,0.0546,0.7547,0.3137,0.4693,0.7873,0.7476,0.0743,0.0955,-0.0733,0.3929,-0.009,2.6811,28.5247,14.7971,7.1831,13.4974,8.5773,4.4897,19.1572,0.6603,0.2697,10.1744,13.1289,20.4,589.1441,5.5585
G12-3,6.96,5.9464,14.3083,16.9904,3.4046,4.9671,5.0733,4.916,6.7431,54.5411,7.5055,15.2514,73.105,2.9623,11.1203,12.9318,5.8482,1.3113,9.3335,2.8523,3.3314,4.9207,6.0089,4.7228,1.5106,8.5978,7.4623,9.2243,16.0712,12.6186,13.4827,2.066,7.9277,0.573,1.1685,0.2745,0.0342,0.0529,0.1061,0.8024,0.2174,1.0016,0.7212,0.5058,0.1262,0.0716,0.1186,3.9377,0.028,1.656,16.376,7.9539,5.0592,9.5099,2.7618,5.9421,10.9493,0.6622,0.5526,11.1427,12.5023,9.8992,220.7969,11.5302
G11-1,6.206,5.001,19.5035,11.8243,4.8237,2.8133,4.9487,12.9615,6.2115,10.4166,7.5527,12.947,11.2881,4.3178,8.5501,5.1991,1.845,0.8191,2.846,3.6994,1.2815,1.5968,1.8115,1.9202,3.6442,5.4732,21.9062,55.9894,99.8218,7.5717,7.559,2.995,12.531,1.0079,0.2535,0.3801,0.0301,0.129,0.1942,1.1674,0.2688,0.398,0.62,1.0913,0.1098,0.0258,0.0247,0.3659,-0.0077,0.7533,13.559,19.7297,6.8864,14.4197,6.4732,8.5594,21.3889,1.5656,1.177,8.74,15.2455,23.5148,489.2654,17.3656
G11-3,19.9597,3.1985,12.0071,9.0453,4.4728,5.9482,5.7723,19.8691,34.6445,22.4329,7.8303,10.8057,107.7429,2.8748,11.1152,3.2376,1.2528,0.951,2.7312,3.7896,1.711,2.2897,1.2778,1.9552,3.1853,6.665,24.8071,28.8391,68.6604,7.9785,8.2632,1.8843,47.1416,0.9544,0.3559,0.4063,0.053,0.1173,0.1664,1.2111,0.1491,0.6957,0.2815,1.2824,0.1391,0.0369,-0.0162,1.9173,-0.0647,3.0982,56.0355,12.922,9.3512,24.0094,10.7504,9.0806,26.1389,0.6222,0.4414,13.8471,15.0091,17.2154,1421.7528,18.0955
G14-1,5.8272,5.5078,29.3392,22.5228,10.0642,2.4123,2.8038,12.5153,5.1951,22.086,16.0432,18.1529,11.2542,2.3032,18.0983,4.6686,3.0702,0.9394,7.8329,5.6161,1.2459,1.5603,2.413,2.7325,4.2913,7.2903,20.6936,68.6365,130.438,7.3811,10.3619,2.9262,5.2832,0.8656,0.156,0.071,0.0089,0.0553,-0.0725,2.8623,0.2875,1.3861,0.5602,3.6284,0.2355,0.0665,-0.0148,0.3903,-0.0489,0.886,14.8096,21.512,6.1154,14.3429,5.0016,8.7938,19.8633,1.7331,1.1425,8.2195,19.3577,29.1506,436.4971,15.4732
G14-3,7.0093,3.9991,9.7986,24.0896,3.6175,6.8753,5.3623,19.2504,13.6069,28.7892,5.5794,13.6347,55.0174,2.1215,6.8226,3.8773,2.1871,0.8331,2.7531,3.5288,0.426,0.9206,1.0769,1.1857,3.3088,4.8837,30.5693,31.3793,89.7821,12.1702,9.8487,2.4577,69.814,3.004,0.3044,0.6084,0.0433,0.0919,-0.0464,0.4387,0.1152,0.2899,0.2025,0.6048,0.036,0.0714,0.014,3.0452,-0.0781,2.2768,24.2122,16.8852,6.2061,14.5534,7.5554,23.8028,18.2188,0.6033,0.448,9.5454,12.9543,26.5461,657.0527,6.3647
G15-1,9.2393,6.9056,19.7198,11.4252,5.3763,4.4637,5.4287,13.1114,6.4953,11.375,8.3331,13.8543,19.1668,2.7995,6.735,5.2374,2.6785,0.9436,11.839,3.3974,0.8917,1.6251,1.7627,1.7318,3.1957,3.3184,10.2156,14.9322,22.1329,4.8619,5.9482,1.6328,4.2982,0.7846,0.258,0.7851,0.2767,0.0313,0.1497,1.2,0.2729,0.3415,0.6823,1.35,0.1213,-0.056,0.0791,0.7049,0.1601,1.6672,22.7085,13.0039,2.7379,13.2941,2.5564,7.0267,14.5064,2.3796,1.3878,12.9827,15.0546,17.3543,212.7721,5.7249
G15-3,5.3227,5.4928,11.2359,28.4499,4.09,5.9958,7.4768,26.8267,7.5681,8.4944,4.568,15.8392,7.0714,1.9361,4.5317,3.1588,2.8468,1.0257,4.7005,4.5373,0.7473,0.9822,1.4869,1.4351,6.495,8.0794,44.6424,99.9669,229.5289,13.3755,14.8494,4.3453,97.9906,3.2843,0.997,0.1515,0.058,0.1383,0.086,0.6981,0.3331,0.3316,0.4119,0.7476,0.0544,0.0495,-0.0706,0.2329,-0.0255,13.0428,37.587,14.2349,18.9501,32.8642,22.7474,8.7683,31.1346,1.5245,0.5454,13.4125,16.8861,15.4939,1209.553,15.9865
G17-1,6.2903,5.0735,20.0243,12.9245,5.9228,2.3306,2.0601,8.5092,5.3395,12.1862,10.9263,14.7457,18.9672,1.9289,12.2132,4.8419,2.0241,0.8241,3.7945,5.9462,1.1748,1.5709,2.7533,2.3977,4.2541,8.9378,18.456,40.0943,73.1106,8.177,8.2424,2.1748,11.3257,0.8113,0.1776,0.2415,0.0121,0.083,0.1826,2.1528,0.3864,1.2535,0.9023,2.0648,0.1485,0.1524,-0.0018,0.2142,-0.0778,1.164,16.2682,13.4172,5.6231,12.9758,5.216,12.0256,14.6871,1.9182,1.2374,8.4284,13.3652,61.9506,273.6001,8.8086
G17-3,7.8015,5.9714,18.888,15.3108,6.9834,3.2763,4.6467,22.5285,14.892,26.6737,11.6945,18.0629,50.5295,2.6626,15.3547,3.3,3.0481,0.6608,5.2232,4.3919,0.6771,1.8656,1.5934,1.5215,3.2655,4.9253,43.2339,49.1015,121.3947,13.7198,11.435,2.4789,74.7519,1.9585,0.2372,0.1779,0.0358,0.0684,0.0074,1.8388,0.0933,0.3636,0.3022,2.5918,0.2674,0.097,0.032,1.6637,0.17,21.1919,48.5728,30.4271,24.4296,52.7908,15.3914,8.1397,36.6427,3.1039,1.3274,15.3904,23.4364,16.9686,1032.7122,9.2551
G13-1,6.8019,5.7328,23.161,14.2261,6.5495,3.2942,4.4687,14.1098,5.4735,13.4373,10.4049,15.8276,12.3185,3.121,8.2669,4.3726,1.329,0.8261,5.0415,3.9873,1.1965,1.4981,1.7541,1.9206,3.1724,4.3718,18.0744,24.2797,32.5579,7.3095,8.4835,2.7487,6.8635,0.7074,0.7901,0.3461,0.0297,0.0355,0.0503,1.8538,0.2617,0.7807,0.5597,2.2052,0.2319,0.0865,-0.0263,0.2265,-0.0744,2.1331,18.3249,9.8693,5.25,11.331,3.1054,9.7865,11.8897,0.3878,0.3456,10.621,13.0528,74.7542,192.4548,15.0261
G13-3,19.4964,3.5149,10.2619,11.2645,3.8866,7.9272,6.1861,22.8014,32.9021,20.8836,6.8274,12.8556,55.6932,3.2603,7.6255,3.0745,1.6567,0.597,2.7554,3.5151,0.8292,0.8368,1.1138,2.1517,3.6026,4.3504,31.6553,28.9235,76.7995,10.9333,7.4943,1.3384,58.9957,0.8908,0.252,0.7124,0.0481,0.4328,0.2029,0.2163,0.2597,0.2123,0.4061,0.8409,0.141,0.1571,-0.07,0.9781,-0.1447,2.7488,24.6074,20.4678,6.7662,14.3392,7.3305,4.3236,20.3173,0.8569,0.7128,11.9151,12.8755,15.2978,564.701,7.4839
G09-1,6.561,5.4625,15.2493,10.1174,4.1238,3.9108,5.1328,15.0863,8.1375,11.0733,6.5982,12.5533,10.5336,3.5956,7.7564,5.4196,1.6938,0.8146,3.639,4.681,1.422,1.5253,1.8453,2.3555,3.0675,4.3507,17.7311,18.4617,28.8596,7.4735,7.3015,2.48,9.7413,0.6215,0.4331,0.4998,0.0216,0.1068,0.2152,0.6349,0.2444,0.4193,0.4813,0.6708,0.122,0.0965,0.0245,0.2779,-0.0255,7.4924,20.6352,12.7852,6.8893,17.8186,6.6555,4.645,19.1352,2.3431,1.2505,11.7848,14.4189,15.572,415.1208,7.0205
G09-3,5.2342,4.2286,13.6979,11.8597,5.062,6.3778,9.9495,40.8999,9.232,10.4024,6.4152,16.9071,10.8521,1.8885,4.8377,3.3737,2.056,1.0949,3.2754,4.1958,0.9472,1.6538,1.7473,2.196,7.9254,11.8215,38.3918,46.8269,107.5694,22.2838,9.5919,3.3793,76.3351,3.5482,1.0119,0.3069,-0.0022,0.0204,0.1549,1.108,0.0873,0.4325,0.2827,1.1724,0.1275,0.0026,0.0264,0.412,-0.078,10.0239,26.8968,21.6179,7.6452,22.0961,10.0645,4.8947,28.6625,1.2241,0.6689,12.636,17.1935,15.6344,748.9964,7.7084
G09-7,7.7559,10.2599,17.6662,15.2069,5.7528,4.9037,17.0465,60.2778,10.3114,19.5702,9.2738,24.8643,104.904,1.9078,14.2585,5.6992,2.8886,0.7653,8.2573,6.863,0.7418,2.7326,1.6713,1.7295,6.7423,5.4318,56.7753,106.1849,243.639,43.3612,10.25,3.6613,117.2042,0.6006,0.3303,0.146,-0.0019,-0.0366,-0.0105,2.4502,0.2566,0.7809,0.3463,1.6773,0.3009,0.0492,0.1006,1.7291,0.0531,2.7774,23.3067,10.6702,14.9778,15.874,9.2345,5.2424,34.2242,2.0402,1.1922,18.5587,23.311,14.9097,488.4611,26.7413
G10-1,6.2335,5.1214,16.9719,10.6936,4.5189,4.2825,5.1483,14.5613,6.9417,10.6425,6.7255,13.1258,10.9767,3.6826,7.446,5.1889,1.5955,0.8514,3.752,3.5051,1.2969,1.5237,1.6162,2.198,2.5198,3.8792,16.7598,33.1986,60.6436,5.7768,6.9632,2.4961,6.9672,0.7854,1.5836,0.45,0.0412,0.0929,0.1835,0.7843,0.2257,0.3352,0.4803,0.7291,0.1752,0.0817,0.0194,0.321,-0.0046,2.1163,27.9731,14.382,5.2458,16.2985,4.6344,5.2508,15.318,0.5429,0.4901,52.3692,10.8485,24.8521,1286.3894,5.369
G08-1,6.499,5.5959,24.3205,17.0934,6.8599,2.9865,3.3659,11.5619,5.6384,19.1303,13.9445,17.2939,13.5233,3.8806,17.7877,5.4113,1.8083,0.7985,3.7976,4.1874,1.3191,1.7654,2.0881,2.1313,5.5296,8.4732,27.3772,24.7167,29.1008,8.4814,7.558,2.8819,8.5283,0.8158,0.2146,0.2507,0.041,0.0955,0.1876,2.3355,0.4214,0.8267,0.8192,2.9719,0.1612,0.0817,0.0084,0.3226,0.0214,2.2765,34.0656,9.6375,7.2716,15,6.6458,11.5196,18.6938,0.7024,0.7069,12.509,13.1369,32.6333,717.934,12.263
G08-3,6.0835,6.0091,10.8332,9.509,3.206,4.543,5.7107,18.1124,6.9429,9.3269,4.6621,13.6992,22.6516,1.8427,4.7684,3.5414,1.7074,0.788,2.4403,3.4358,0.6321,0.8179,1.1391,1.2124,5.3913,4.4824,26.8039,63.9268,145.9456,10.0547,9.3286,2.6269,84.9662,3.3768,0.4817,0.3321,0.0518,0.0367,0.1521,0.5372,0.2716,0.4022,0.4758,0.7397,0.1164,0.0406,0.0625,0.4019,-0.0388,1.3634,15.3599,11.4047,9.4744,14.6661,8.885,17.9678,8.8194,0.9334,0.7124,3.9722,5.8235,22.8918,368.9984,7.9105
G08-7,6.8654,8.1075,20.8959,16.5016,6.7882,3.6479,4.1788,23.9152,8.3196,32.7828,16.0164,26.2348,89.522,1.5267,32.4136,20.4798,3.1536,0.7766,10.7755,5.2562,0.9504,4.2048,2.2704,2.4988,5.4677,6.48,36.4115,86.6678,181.6523,16.9217,13.2261,3.5486,79.719,4.7769,0.2551,0.1175,0.0004,-0.0164,0.0022,3.6961,0.2564,1.5565,0.3465,3.2918,0.5396,0.0783,0.0336,6.7465,0.0275,3.8097,17.6038,10.6273,3.0022,10.9606,2.329,6.7522,9.6736,0.5633,0.5654,7.3729,10.1533,9.6972,188.9688,11.2772
G20-3,4.4965,3.1915,8.8259,27.2535,3.6205,8.6501,10.2115,21.9398,6.0537,6.9111,4.4092,14.0343,5.3935,1.543,3.4934,3.361,2.8041,1.0916,2.0286,2.2696,0.6366,0.8039,1.1741,1.1075,8.0827,4.3159,23.4812,32.401,83.8892,10.9304,9.4776,4.0069,74.6596,4.785,1.0341,0.3476,0.0324,0.1144,0.0934,0.2214,0.1404,0.2302,0.312,0.3706,0.0297,0.0464,0.0258,0.2714,-0.0119,0.6535,24.7254,11.3478,12.5264,14.4675,12.5448,14.6958,17.5096,0.7129,0.4877,10.2191,10.8358,21.7671,577.7259,7.8583
G20-7,5.7778,5.09,13.7075,12.0116,4.8297,3.4601,5.2375,14.1892,7.3663,24.4328,7.4295,14.9029,10.4458,1.4924,7.2697,3.5412,1.8312,0.689,3.9714,3.0735,0.5875,1.0232,1.3807,1.5366,10.1272,8.2382,23.9245,49.1717,114.2924,10.6977,10.3169,3.7948,94.3807,5.4518,0.4868,0.4352,0.046,0.0003,0.0081,0.7666,0.2229,0.5474,0.5288,1.4858,0.1682,0.054,0.0602,0.4335,0.0553,0.6222,27.6757,11.3989,9.3922,13.6326,8.2792,8.1932,18.953,0.6457,0.4439,11.4777,12.2221,17.2094,553.4993,6.358
G07-1,5.8307,4.9939,16.5073,10.4845,4.3002,2.7816,4.0587,12.9359,5.3542,10.1058,6.9451,12.0455,10.8918,5.0504,8.0611,5.3046,2.1279,0.7959,4.5885,3.6158,1.2507,1.3839,1.8111,1.9717,2.9817,5.271,27.3689,40.1763,72.9887,6.6641,6.6265,3.6246,8.7883,0.5594,1.446,0.3346,0.0395,0.0754,0.1835,0.9095,0.2759,0.4877,0.6276,0.9222,0.1713,0.0894,0.042,0.1686,-0.0437,2.3284,13.1899,10.8795,5.8504,7.5628,3.1115,4.3652,9.9247,1.276,0.8502,4.0751,11.9246,8.3506,200.3663,9.4377
G07-3,5.0514,4.6138,10.2881,8.6538,3.1416,5.1201,5.0472,40.0243,4.7426,9.2344,6.0209,15.8042,9.0569,1.638,4.6142,2.9492,2.1104,0.664,5.7259,5.3431,0.7408,0.9888,2.182,2.7463,8.5318,10.5787,53.7364,92.6562,209.4094,25.5765,16.9356,7.0352,128.0313,6.7211,0.7951,0.18,0.0374,-0.0277,0.009,0.6046,0.3049,0.4135,0.4356,1.6023,0.0942,0.0895,0.017,0.2351,-0.0062,1.1219,10.9267,12.1426,66.3779,15.1803,16.2032,4.8912,85.2178,64.6685,2.7156,53.5762,17.6312,25.8965,640.5478,43.9907
G18-1,5.8918,4.4359,15.3081,10.2096,4.2498,3.7498,8.3228,9.5574,6.4534,11.7071,8.781,13.8584,30.295,4.37,8.2385,4.7481,2.3316,0.7658,9.5163,5.073,1.0574,1.363,2.6934,2.0357,3.7056,7.1259,15.5025,64.0659,136.9006,8.3832,6.0696,2.2328,8.6174,1.0076,0.231,0.2336,0.1377,0.3367,0.1773,0.7391,0.4382,0.5357,0.8118,0.8943,0.0458,0.0215,-0.0251,0.4547,-0.4745,1.396,20.4509,15.0489,31.5418,12.1045,9.4976,3.9614,48.5024,4.6838,2.3734,14.3977,15.2928,17.9995,678.7316,42.0624
G18-3,3.9589,3.2489,12.8643,11.3716,4.6214,4.5241,8.5312,21.656,6.7164,16.9828,6.6227,13.7549,10.2392,1.7807,7.2782,3.361,1.8869,0.8462,2.1051,2.5895,0.7637,1.0993,1.5616,1.4101,14.6234,25.0624,28.7352,48.6543,111.2442,13.892,11.0711,4.3182,84.1536,5.9896,0.6668,0.3329,0.0322,0.0973,0.0623,1.0174,0.1546,0.4039,0.3741,0.9971,0.1318,0.0103,0.0106,0.3411,0.0212,0.4626,26.7732,12.5741,14.1206,16.9412,15.6833,8.6375,20.1164,0.5951,0.4161,12.5081,12.0838,18.7517,659.4325,10.3194
G18-7,6.5599,6.226,16.4729,13.399,4.6205,2.7584,7.0488,46.7612,7.0761,25.8906,10.1847,22.8229,51.8001,1.6558,17.884,4.8289,2.37,0.7193,9.5083,6.9728,0.6754,3.3203,1.7011,1.2936,10.057,7.223,84.3961,103.6187,264.073,32.0699,21.2217,4.5248,223.4296,4.7399,0.3834,0.0205,0.0191,-0.0295,-0.043,4.1171,0.2216,0.8554,0.4183,1.8041,0.4107,0.0821,-0.0449,1.0479,0.0459,2.8308,39.1661,14.6421,8.0378,23.0673,11.7741,7.6519,32.5153,0.7787,0.5705,13.5239,18.4073,16.9571,976.7742,11.2121
G06-1,7.2087,6.773,21.8353,15.3813,5.699,3.0714,5.2724,6.8805,4.5898,24.4955,27.764,86.2044,60.1935,1.8245,34.1534,7.9302,2.5046,0.702,15.7868,3.3828,1.4236,2.4751,4.252,4.9586,9.0688,7.5433,9.8807,15.8313,21.4852,8.1183,7.4783,1.6495,6.8688,0.3973,0.2577,0.1897,0.1108,0.1922,0.3132,2.8233,0.5667,2.8989,1.0846,4.1314,0.3541,0.24,-0.0908,0.5131,-0.3452,1.749,18.9615,9.2832,2.6938,10.3412,3.1681,4.8313,11.622,0.8278,0.4999,12.7693,14.3337,19.9514,175.3843,7.5392
G06-3,6.6497,3.7448,11.8208,8.2881,3.3366,5.7728,8.7284,34.1071,9.7672,43.5467,7.2835,17.0459,170.9201,2.8716,9.8802,5.3798,1.0344,0.5629,4.8923,5.7645,0.7742,1.7485,2.2845,1.818,4.2919,7.0164,54.072,82.0843,191.3073,26.5177,17.5594,4.4058,135.7094,4.8992,0.6217,0.1736,0.0395,0.0605,0.0705,0.9856,0.2493,0.6993,0.3165,0.9464,0.1698,0.0657,0.0421,18.4902,-0.0983,1.9331,26.1249,20.1484,7.9472,15.4815,9.0664,6.585,19.6907,0.7677,0.7057,10.6601,13.6122,33.542,719.7256,8.1252
G19-3,11.1833,9.0983,16.8361,14.1062,6.2341,7.3621,7.6467,23.6955,22.3483,23.9113,9.4095,16.7911,30.7344,1.5681,6.8561,4.0806,3.2033,0.815,3.7431,2.6762,0.6756,1.1947,1.1739,1.7721,20.2502,5.4058,19.7304,26.6275,59.1834,12.3022,8.8431,2.704,50.2825,3.1986,0.6194,0.4463,0.0735,0.0779,-0.0337,1.6115,0.1551,0.7641,0.2635,2.0693,0.2205,0.0684,0.0653,0.4276,-0.008,15.7827,36.9073,25.4475,10.588,39.7146,9.4565,6.7125,23.627,3.7331,1.7676,6.8898,15.845,12.9492,975.0931,11.9698
K14-3,9.5779,6.1584,21.2433,20.8268,7.3792,12.9573,6.7323,10.8603,7.8068,14.1596,10.6728,22.9098,17.3046,2.1849,7.5584,5.2794,3.0372,1.4404,1.9463,2.3671,1.0788,1.3607,1.5827,1.7966,4.4377,5.7838,6.4531,11.7135,10.9808,3.8151,9.2796,1.0345,8.6039,0.8987,0.1762,0.2448,0.2039,0.0392,0.1341,1.9219,0.2229,0.6706,0.2502,2.4504,0.2885,0.1011,-0.05,0.9201,-0.01,11.3339,20.7375,12.8667,11.603,18.9351,6.41,6.4639,120.5534,2.0201,1.2656,102.8321,173.5183,11.9396,630.6343,14.8658
K14-7,18.1833,7.7526,12.1028,11.4077,4.2526,4.5642,9.3119,20.1949,11.9217,12.2389,6.84,12.6612,14.3616,2.6377,5.9246,3.4117,30.8774,1.9057,4.949,3.2642,1.3101,1.8938,65.152,7.8568,9.8181,9.6353,25.7639,62.7854,138.5201,9.8708,6.6851,3.1459,36.867,6.8575,0.3591,0.3075,0.0294,0.1365,-0.1575,0.7956,0.1817,0.3649,0.6239,0.7124,0.1203,0.0653,-0.0659,0.8901,-0.1377,3.4741,31.4212,17.7383,9.7889,19.6096,11.5801,7.682,27.2254,0.6437,0.4034,13.529,17.0418,16.1499,872.9018,11.9138
K13-1,5.9805,4.8604,34.1636,22.8183,8.4451,2.1623,3.4985,9.2101,5.2416,26.7715,19.1504,25.4648,19.2411,2.4105,40.1487,4.8329,1.4492,0.689,4.4222,3.6754,1.1357,2.7962,3.1932,3.2447,4.7214,6.5537,11.8523,20.9845,25.6442,6.2014,7.9516,2.2001,7.1971,0.5903,-0.0688,0.3608,0.0622,-0.0171,0.0824,4.6508,0.3536,2.9512,0.672,5.5461,0.563,0.0715,-0.0131,0.3591,0.1196,39.959,8.2122,12.4791,74.1036,54.3371,9.9713,4.2981,59.733,26.1957,3.9148,43.2858,13.5721,6.4997,665.2645,67.6862
K13-3,7.4828,5.4574,26.9816,15.8157,6.1489,3.2145,3.3875,10.9472,5.7131,17.2043,14.7416,20.0377,13.6484,2.462,21.7177,4.4701,1.712,0.6813,3.7477,3.7715,1.0438,1.974,2.5216,2.4189,3.6529,4.7879,13.3016,20.7503,28.2204,7.0928,8.7684,1.9513,5.5182,0.2884,0.3007,0.3664,0.0371,0.0272,0.1904,3.2864,0.3096,1.4557,0.7714,3.7123,0.3453,0.1307,-0.0139,0.3331,0.0441,7.9325,29.3372,14.3453,7.1665,20.7058,8.1364,7.4764,24.5439,1.0333,0.4949,11.2185,15.7655,17.3819,601.3429,10.1452
K15-1,6.4948,5.2995,25.0911,14.7202,4.733,2.3528,3.6618,10.1852,5.8628,16.0438,12.5368,18.5985,14.4064,2.7416,23.5708,5.1168,2.1022,0.6482,4.2691,3.8107,1.118,1.881,2.85,2.3704,3.4934,6.9964,16.148,20.3924,28.7621,6.5352,7.986,2.1793,9.2109,0.5251,0.1599,0.2897,0.0229,0.0827,0.1167,2.4555,0.3002,1.1684,0.7565,2.7339,0.2338,0.0921,-0.0359,0.2208,-0.0292,2.7549,26.3809,11.0233,7.8735,13.309,6.9179,11.3385,18.0166,1.3272,0.2589,9.059,10.9475,69.0693,463.6493,4.4186
K16-1,7.7283,5.9512,16.2223,10.6289,4.0459,3.311,3.3558,11.3466,5.1803,11.0722,7.1352,13.1852,11.6304,2.9773,8.7746,4.9427,1.6559,0.7962,4.3533,5.2801,1.1913,1.5432,1.7429,1.8421,3.804,5.9319,23.1002,23.9534,36.3231,10.7265,8.7669,3.0709,9.8946,1.2434,0.2933,0.2799,-0.0026,0.0419,0.1785,1.0349,0.2718,0.5484,0.8255,1.0151,0.113,0.1201,-0.014,0.3237,-0.0732,3.6206,31.2694,22.8975,8.2365,18.8459,10.3505,6.7386,26.7764,0.9672,0.4579,14.7594,16.5722,21.9976,822.7311,7.9158
K16-3,13.0922,8.8426,18.6984,12.2493,6.1564,6.0415,4.5021,7.1873,6.1971,8.1823,11.0573,20.7805,19.2683,1.9291,6.8228,5.6232,3.1684,1.0172,2.9848,2.8297,1.506,1.5649,3.2635,1.5936,2.8937,5.2309,9.2302,11.1621,19.4385,4.3479,4.3863,1.6215,6.3338,0.857,0.7767,0.2929,0.3372,0.0671,0.1042,1.5452,0.2897,1.0194,0.7789,1.5742,0.1838,0.0679,0.0367,0.2583,-0.0126,185.1809,33.2837,8.5869,70.0362,43.3172,50.8498,3.5374,100.5545,80.4853,17.4564,134.1489,24.9455,17.6936,1232.0167,164.9705
K11-1,7.9074,5.9741,17.422,12.2301,4.8488,4.8909,5.4032,10.3285,6.548,14.3618,9.3433,12.9937,14.7223,3.5294,7.7541,5.0168,3.5196,1.0941,7.6999,4.5213,1.5538,2.6566,2.3628,1.976,44.8805,3.6092,11.5031,18.826,22.9935,5.7433,5.1631,1.9993,4.4621,0.3805,-0.177,0.2498,0.0198,0.122,0.0656,1.2784,0.3086,0.9662,0.5245,1.325,0.3516,0.114,-0.025,1.0765,-0.2256,0.9021,47.7255,10.2259,111.221,13.2956,31.887,10.0101,180.9026,55.0443,1.7762,100.719,30.3807,28.8278,1821.7354,114.8781
K11-3,7.2901,5.6807,27.9051,20.7223,10.1564,4.7364,4.4233,10.6398,6.4323,29.9099,20.7208,21.326,20.6851,1.9847,33.4217,5.327,2.001,0.7128,11.6774,4.5809,1.0171,1.5605,2.9116,2.96,11.5455,12.3796,16.0647,47.6342,27.479,6.4629,8.0157,2.8327,10.7624,0.6808,0.139,0.36,0.0738,0.18,0.1682,3.8685,0.3198,1.9358,0.6682,4.5749,0.4183,0.2148,-0.7481,0.3753,0.1026,1.2343,26.9975,18.2747,7.4653,12.164,8.5174,5.22,21.9487,0.6351,0.0955,10.2817,13.0684,16.3256,619.8162,7.3466
K17-1,6.1755,4.8796,25.7556,15.2619,6.6084,3.0519,3.3889,9.4396,4.9036,14.0481,14.1718,17.0498,16.1807,4.2948,12.9199,4.8312,3.857,0.8629,7.9657,4.03,1.0524,1.5659,2.175,2.2376,3.3871,5.609,15.4715,19.6264,24.6662,6.6329,6.9262,2.6457,7.1264,0.5708,0.2911,0.4435,-0.0071,0.0812,0.0864,2.2138,0.5164,1.5159,0.5271,3.0314,0.2086,0.0774,0.1326,0.7297,-0.252,2.7096,45.4768,23.4477,137.9905,14.2116,45.1544,5.843,172.2516,73.1635,2.4179,114.0416,26.5828,40.0371,2474.9516,126.4905
K18-1,7.0496,5.2322,18.3058,11.0724,4.9759,3.3724,3.5038,10.8988,5.7664,14.7992,9.5998,15.0065,31.1538,3.7163,10.1056,4.855,1.3443,0.7813,3.433,6.3731,0.5326,0.935,2.2979,2.0998,6.0109,7.6838,16.2446,21.3262,40.5207,9.3239,5.9607,2.5635,10.7998,1.505,4.3162,0.8081,0.1817,0.3486,-0.5567,1.7183,0.2804,0.3052,1.3014,1.517,0.4697,0.674,-0.5628,1.3221,-0.4387,1.3469,46.553,13.3882,19.8755,26.1921,26.3558,8.7746,28.325,0.5366,0.3812,14.6642,16.8981,33.3644,1416.1233,14.041
K18-3,5.7858,4.5314,22.984,14.8264,7.9817,4.0861,5.5826,11.784,5.4706,13.5857,12.5958,15.527,12.729,2.4737,8.5764,4.0435,1.7092,0.8125,2.765,2.8761,1.155,1.5428,2.6614,2.2635,7.8613,4.5507,13.8282,17.633,23.3725,5.2793,9.598,2.0802,12.8233,1.0067,0.6465,0.2701,0.0146,0.1536,0.1393,2.4687,0.2849,0.9783,0.596,4.1596,0.2864,0.087,0.0384,0.3061,-0.0416,121.2045,80.8352,12.0891,54.2037,62.9337,26.1515,5.0906,79.1291,16.0717,8.6841,80.3637,24.2534,19.5041,1355.4673,124.726
K12-1,9.1204,5.3477,66.7602,56.4294,13.3242,5.6216,7.9328,4.8214,9.7964,44.153,50.9642,44.5416,27.3003,1.8982,39.7742,4.3677,1.2604,0.4946,3.6245,2.316,0.7495,3.2105,3.9862,3.7019,5.8864,9.1397,8.6259,32.8614,18.5789,3.5013,4.6213,0.936,6.9281,0.3889,0.1086,0.7142,0.0972,0.1242,-0.0236,7.5776,0.227,4.048,0.3585,11.4783,1.2352,-0.0491,-0.0111,0.6074,-0.3306,2.3102,20.1032,14.7314,6.7522,11.7952,6.4353,3.9172,16.9197,0.2981,0.509,4.9337,12.5421,37.367,507.4735,7.2502
K12-3,14.3771,10.9147,21.6977,15.4091,8.0663,6.1696,5.6766,7.2195,10.1052,17.1066,12.214,18.2476,14.3887,1.6724,14.2531,4.034,2.407,0.8981,2.0096,2.6802,0.917,1.6093,2.114,1.7839,6.089,9.2202,7.8999,31.5712,36.4747,4.4285,6.5901,1.3636,9.8919,0.8377,0.372,1.3381,0.1769,0.0537,0.2951,2.347,0.3941,0.9952,0.9184,2.7351,0.3568,0.0999,0.0419,0.5465,-0.2474,0.5279,42.2926,10.6563,36.9442,11.5865,33.6296,3.9645,124.6088,21.7393,1.0331,42.7447,23.5912,18.2649,1349.1625,75.5478
K10-1,7.2141,5.8884,16.1176,10.0102,3.7566,5.1402,4.2815,14.4429,5.8655,9.2152,5.5489,11.809,9.5874,3.6534,6.5303,5.1067,1.5574,0.8676,4.0425,3.6831,1.2887,1.4329,1.8452,1.9732,2.5367,3.7847,18.4473,18.9945,29.2168,7.4763,7.8377,2.7693,7.2939,0.8487,1.7519,0.3638,0.0239,0.0651,0.1906,0.5218,0.302,0.4166,0.5631,0.4954,0.0771,0.0921,0.0271,0.1702,-0.0179,1.6644,48.4771,33.9292,102.6443,13.922,37.1531,5.6095,266.1573,51.2015,1.8396,95.0153,41.8891,23.455,2565.5465,160.7732
K10-3,10.1639,7.1238,14.9634,11.9944,4.8408,13.3895,5.7061,15.6212,5.0689,11.6155,8.2748,16.1258,13.5412,2.0431,8.3667,5.4549,2.7469,0.9892,3.2409,3.3008,1.2115,1.3946,2.6986,2.6143,4.8396,6.3642,24.3064,16.8425,33.904,9.623,8.8561,3.2726,24.1493,7.5024,0.6528,0.1809,0.0503,0.0246,0.0941,0.9973,0.2434,0.7434,0.6943,1.5166,0.2026,0.0845,0.0451,0.2067,0.0222,7.0237,29.2724,19.8892,8.2096,21.2543,8.6712,5.2808,25.7187,1.0306,0.5949,13.5294,17.1664,19.5744,798.0766,10.9261
K09-1,8.096,6.2325,16.8443,10.7836,4.4067,5.0701,13.9488,13.1523,6.7746,10.9151,6.9517,13.4438,22.0869,4.1715,6.5971,5.2974,2.1131,0.8146,4.0412,3.4403,1.1357,1.2222,1.7864,1.9029,2.3023,3.6097,17.2822,18.3871,25.0844,7.7601,6.2664,2.2241,6.9071,0.3891,0.3345,0.5024,0.1022,0.157,0.033,0.8474,0.293,0.4314,0.5012,0.8224,0.0639,0.0846,-0.1089,0.514,0.0781,40.7214,22.7192,8.8044,26.1864,20.503,9.9132,6.7948,48.3016,5.5643,2.2463,30.0662,11.4678,38.7867,646.196,51.8415
K09-3,9.1491,6.686,19.6495,13.4431,6.0015,6.8708,5.6854,13.1373,6.612,11.7215,8.3728,16.0811,16.0457,2.2003,6.387,4.3186,1.9961,0.8818,4.4265,2.4532,1.1487,1.1457,1.8104,1.6572,2.5044,3.719,11.4388,20.1557,34.4952,5.0268,6.0653,2.3788,6.2703,1.2796,1.359,1.4774,0.1146,0.0409,0.1825,1.4156,0.4917,0.6479,0.7746,1.5775,0.4008,0.3039,0.1246,0.7482,-0.1399,8.1489,24.2751,28.5337,8.1742,24.656,12.8239,4.9657,29.5937,1.1596,0.6457,12.5381,17.7669,12.6879,973.3786,13.0934
K07-1,4.9807,4.3588,11.8912,8.0586,2.8697,2.2704,3.0767,11.124,4.5276,9.1307,5.1317,11.9398,20.6919,4.5781,7.4294,4.4401,1.5399,0.9182,4.506,7.3223,1.0455,1.4749,1.4541,1.6204,3.8196,8.594,21.1842,24.2958,46.0495,12.1891,10.1104,3.8209,8.4445,2.4717,5.667,0.2377,0.0713,0.0627,0.0922,0.5381,0.1797,0.4796,0.3725,0.5524,0.2059,0.0692,-0.0331,0.3558,-0.132,72.7611,79.4091,9.3439,72.9013,46.9411,26.0443,4.1028,107.0938,19.6342,6.2014,76.9316,27.1581,21.6028,1426.7133,135.4762
K07-3,10.7792,9.1133,42.0397,25.5945,12.3317,3.2813,4.0461,6.0177,4.0084,27.6705,20.9238,25.0214,20.072,1.8986,19.4176,5.34,3.586,1.0094,24.9985,2.9539,1.2279,2.2394,3.7563,2.8892,8.6212,13.1163,9.6003,20.8794,12.38,6.2649,8.0348,1.7671,12.9198,1.6886,0.6392,0.2594,0.1204,0.0948,0.1418,4.8947,0.3224,1.9055,0.8531,6.0927,0.6696,0.1403,0.2209,0.4794,0.1544,2.3914,25.4493,20.752,22.8188,25.0398,26.143,5.2377,26.0714,0.7353,0.6048,12.7216,14.3243,11.7134,1405.415,24.3704
K06-1,6.5707,5.1138,19.9766,13.0373,5.5961,1.9676,2.7278,10.6837,5.4198,14.9967,11.5697,15.5672,19.8879,2.6851,14.027,3.9142,1.3658,0.7165,3.9582,5.5284,1.0147,1.2348,2.055,1.7872,6.6767,14.81,26.751,30.2719,43.9345,10.0138,7.6622,3.1425,14.1985,1.2101,3.0189,0.2216,0.054,0.0852,0.0729,2.0035,0.3043,1.0988,0.6005,2.0398,0.2619,0.0902,0.0235,0.3271,-0.0475,65.8145,661.2636,10.0553,64.8001,34.4634,19.7611,6.9015,122.7653,22.159,4.4308,87.7729,25.7864,24.4893,1200.7567,144.4475
K06-7,20.5719,8.0627,22.5162,16.2436,6.7784,1.9078,11.3459,7.9786,42.0762,98.9448,18.4498,16.3902,198.3732,2.7282,28.3085,16.7125,2.9316,0.7543,7.3124,2.3374,1.3407,2.3775,3.0148,2.2696,5.4568,7.3351,12.6303,54.6555,110.4901,16.2886,4.847,1.9231,7.2362,1.9042,0.3742,1.0758,0.1105,0.1918,0.1144,2.4007,0.2125,1.1146,0.6445,3.0169,0.2734,0.0605,0.068,11.2698,-0.0262,6.4712,25.9923,26.9577,8.7526,22.7214,11.9156,5.0861,29.3602,1.1937,0.5864,13.6659,18.5781,15.4265,934.2754,15.8499
K05-1,8.2894,6.3843,28.7887,20.172,6.0305,2.8221,3.3188,8.1657,5.9442,34.6787,19.6563,28.1038,22.8139,3.081,54.5815,4.8377,1.4429,0.7294,5.8329,3.4325,0.9757,2.1785,3.8036,2.929,5.2007,5.4337,13.4376,18.2978,25.3308,7.3884,6.6648,2.032,5.7848,0.8189,0.2088,0.2985,0.0371,0.1375,0.1236,5.7745,0.4195,3.6762,0.7633,6.2225,0.4351,0.068,0.0708,0.2165,-0.1734,100.7994,41.6723,16.1186,103.355,56.0948,33.6137,4.3036,144.9843,28.2898,7.4831,89.3891,31.566,25.3884,1957.8052,159.436
K05-7,11.9744,10.1029,66.8784,48.2803,21.6056,3.3475,2.8397,5.0112,13.3077,18.3019,30.2824,46.4192,41.9267,2.7782,63.3362,121.6419,1.9334,0.9111,3.8594,2.7395,3.0808,5.0279,3.4037,2.7777,6.3529,5.6846,12.8525,17.5649,24.1815,5.1587,5.3037,1.6472,4.7871,0.493,0.8102,0.3334,1.0105,0.0207,0.0949,6.7448,0.3279,3.2274,0.9836,8.7834,0.2072,0.0974,0.0868,0.3375,0.1127,4.4254,21.904,15.8381,14.5342,7.5703,9.6203,4.6683,15.7838,1.27,-0.4463,1.824,9.7334,16.0519,520.879,12.1251
K03-1,10.5937,8.1813,21.5683,11.3316,3.9712,3.2197,5.0282,9.8921,7.1596,12.4839,6.761,13.3347,17.5837,2.7968,6.7605,4.9914,2.7657,1.0659,5.2083,3.9052,1.5189,1.7381,1.6613,1.8706,2.1989,3.0732,13.2662,20.5991,35.2701,5.5032,7.9746,3.2714,4.6932,0.3885,0.5663,0.303,0.1407,0.1843,-0.191,1.2128,0.6739,0.6298,0.8733,1.0181,0.289,0.1246,-0.3209,1.0877,-0.2352,11.2196,39.4069,9.8661,60.2954,16.8804,31.1489,2.9997,160.5439,33.0491,1.7269,77.7271,28.226,18.9877,1549.9649,129.2166
K03-3,9.9882,6.4117,16.4616,11.9517,5.4301,7.3509,4.5,7.8734,6.0228,15.4503,10.6467,17.1283,12.1011,1.6448,14.5386,4.1778,2.1075,0.7236,2.2736,2.5371,1.2674,1.8744,2.6229,1.9081,4.3123,7.7855,7.6228,15.3328,12.4178,4.6179,6.991,1.8224,10.0377,0.7818,1.2725,0.3247,0.0918,0.2731,0.1508,2.1075,0.2828,1.3394,0.7151,2.8509,0.3944,0.1154,0.0168,0.4181,-0.0976,2.7989,33.1616,15.747,8.2596,15.3563,9.1613,4.8067,25.7516,0.6831,0.6244,12.7379,15.3986,20.7519,657.0824,15.0272
K03-7,8.9308,4.9107,28.412,22.4766,9.7136,5.4249,59.8313,16.8736,17.6996,194.2641,28.887,22.8103,337.7782,3.6893,25.3198,21.367,2.8596,0.9601,6.5714,2.5148,1.0116,1.8517,2.4206,6.3425,10.454,10.9938,35.7467,42.2656,60.8048,33.9806,8.7705,2.9331,15.9981,4.5298,0.2154,0.5844,0.1222,0.2252,0.0633,2.7667,0.1748,0.9537,0.4872,3.3823,0.3369,0.052,0.2152,30.5033,-0.0032,78.9748,27.073,8.5917,78.5416,41.0762,18.4759,7.1848,80.792,15.2624,5.8973,59.2694,18.1262,65.1056,1199.7107,103.5572
K04-1,6.7846,5.2899,21.5706,14.2673,6.9562,2.3814,4.1759,12.4939,6.7447,21.398,13.0958,17.0521,20.3365,2.3712,17.3697,4.3999,1.2607,0.6881,4.004,9.211,1.074,1.2619,1.807,1.8571,8.4031,14.7453,28.7004,37.4236,68.6244,11.3291,8.5956,3.7351,15.1266,0.7608,0.1589,0.2857,0.2002,0.1635,0.2182,2.0571,0.2927,1.1915,0.5888,2.1959,0.0787,0.2077,0.2155,0.6513,-0.4541,3.5244,29.8949,14.92,6.686,18.008,6.5661,8.0641,21.8357,0.8501,0.4496,12.8544,15.3623,23.5336,706.6652,12.5964
K04-7,14.4175,5.7083,24.1434,18.7543,6.5079,2.4069,59.4032,15.281,37.7622,196.7453,31.9273,20.4736,254.9589,3.8993,30.3532,36.2338,2.1606,0.7828,3.7938,2.0264,1.2357,2.0476,2.5378,6.7861,7.1906,12.9214,29.6108,81.7143,141.3325,31.2015,8.2049,2.2805,12.3635,3.2616,0.4444,1.4031,0.1108,0.1959,0.0979,2.0144,0.1494,0.4609,0.4577,2.9036,0.2025,0.0325,0.1445,19.9268,0.0529,58.2032,32.2884,12.4496,71.6469,31.9016,34.7221,4.0245,132.5971,47.4907,2.8823,86.9892,21.2198,38.9106,1704.2083,131.4815
K02-1,8.806,6.5023,21.0542,10.9686,5.1585,6.8752,6.6104,14.2229,7.6175,36.5155,7.1205,13.4908,12.7766,2.4946,5.7546,4.2752,1.5012,0.8412,3.4976,3.1696,0.4575,1.1166,1.5438,1.7606,7.0391,2.9818,10.8463,77.5053,173.6346,5.9068,5.8991,1.7457,2.5814,0.6951,0.7742,0.4759,0.2466,0.0358,0.2265,0.3636,0.4627,0.4639,0.7395,0.3903,-0.0449,0.1315,0.13,0.3554,-0.1672,119.4955,22.1733,9.4473,36.0324,54.0158,16.758,3.5414,58.6255,18.8811,7.1954,69.2408,17.6632,15.7827,946.5654,100.9959
K02-3,11.3672,6.5049,20.1716,17.48,9.1192,35.2723,11.6697,13.9196,7.9797,11.8436,22.9303,35.0826,22.9621,2.3959,7.4767,8.8437,3.7968,1.0193,1.6638,1.9573,0.8322,0.9809,1.7865,1.18,2.4221,5.303,5.0416,8.9467,9.9253,2.3961,2.8128,0.8224,4.3363,0.883,0.3034,0.6123,0.7061,0.1294,0.1422,1.5383,0.0156,0.6849,0.3526,1.9631,0.157,0.0526,0.1275,0.4083,0.2367,4.8223,34.188,21.9164,7.0543,24.1414,11.587,10.0948,28.9943,0.4497,0.2945,11.5589,16.9306,15.5504,1065.0354,8.5324
K02-7,16.1798,6.2104,15.6108,13.2963,5.7868,4.3531,7.7008,18.1768,13.5712,14.1909,8.4904,12.3119,17.5796,4.5683,6.8014,3.209,3.4716,0.7422,4.662,2.6898,0.8006,1.1984,1.1832,1.5991,13.7013,27.4962,44.9778,67.9861,141.7044,18.0866,8.7324,9.8526,63.6708,26.3508,-0.006,0.3246,0.0567,0.0234,-0.1941,1.3337,0.1857,0.7036,0.3823,1.6184,0.208,0.0224,0.0175,0.3943,-0.1146,45.3858,41.7199,14.6771,138.2729,49.9475,26.7509,4.8254,150.6211,33.8449,6.406,80.689,29.4085,19.2235,1974.1626,149.7142
K01-1,8.2065,6.4588,18.8028,11.6985,5.1154,3.3463,3.9915,12.8273,6.9421,12.905,8.6316,13.4159,10.5521,3.488,8.5016,4.5989,1.3458,0.7765,4.1963,3.7095,1.1469,1.3356,1.9567,2.1074,3.6727,5.4137,18.816,18.6506,26.0491,5.6025,7.2391,2.4467,6.9226,0.6711,0.9899,0.2795,0.0385,0.0667,0.1453,1.3704,0.3572,0.7643,0.6202,1.7731,0.1163,0.1585,-0.0099,0.225,-0.0151,3.8614,40.6008,10.6028,7.1843,22.0064,7.2657,13.206,22.5832,0.6915,0.3911,13.9078,15.0072,34.1615,682.3204,6.674
K01-7,14.1743,12.1288,12.583,9.446,4.0759,2.8981,4.0557,12.6208,14.8062,13.2788,6.1228,9.9116,13.622,2.6955,5.9635,3.3719,53.0666,1.5465,12.4121,3.5446,1.3256,1.995,74.0655,7.8963,9.9404,11.6196,26.663,35.3347,70.6826,9.8483,7.6319,5.1013,39.2161,4.5444,0.3703,0.317,0.0218,0.2076,0.0433,0.8085,0.1944,0.3418,0.7436,1.0094,0.1072,0.0669,-0.0678,1.3924,-0.1144,45.9502,30.7317,7.6456,70.3023,22.6207,25.5887,3.1306,134.1187,30.7635,3.7946,76.8666,22.4177,14.5416,1272.6946,104.1692
L01-1,9.5382,7.7496,20.7936,14.0437,5.4758,2.4867,2.9485,11.2048,7.1869,18.4332,11.0034,13.6267,12.9655,3.1369,11.8056,5.3827,1.8584,0.8042,3.4899,4.2858,1.2295,1.3434,2.2937,1.9965,5.4632,9.5717,27.0085,43.7845,79.9088,8.1629,8.523,3.0711,10.4015,0.9675,0.2524,0.3151,0.0393,0.1347,0.1305,1.7668,0.3571,0.7323,0.7837,1.9237,0.2037,0.1055,0.0163,0.3146,0.0222,107.1814,36.7627,10.4548,56.6539,61.5314,18.0673,5.2197,89.9053,10.8962,4.1457,73.1625,22.9488,73.2208,1427.7739,127.2917
L01-3,4.9416,4.1996,13.7462,10.8001,4.3597,7.2223,4.7351,36.6938,4.3341,16.8565,7.81,16.7394,9.3076,1.2944,14.0217,3.542,1.5528,0.5769,4.7776,4.8338,0.5706,0.9561,1.2641,2.796,5.8768,9.9924,40.3347,47.1373,111.9139,22.4633,11.8319,3.6474,97.7209,6.8847,0.6752,0.0964,0.0334,0.0109,0.0242,1.5857,0.2026,0.8607,0.3041,1.7863,0.3082,0.046,-0.0376,0.0929,-0.0829,26.5593,39.332,11.527,81.8529,23.3448,22.419,4.1383,189.1803,22.6684,2.5015,72.682,25.6917,19.0786,1687.3438,134.4698
L01-7,17.8719,13.0468,20.6736,16.2167,6.7266,3.375,34.6578,21.3074,21.3787,39.2279,22.7255,15.2387,613.908,2.4266,7.8049,8.7986,0.8922,0.4348,1.5448,1.3438,0.8281,2.8813,1.391,3.323,2.473,4.7409,25.0895,26.7519,81.7156,12.8483,10.7488,2.0444,58.8254,3.3957,0.6457,0.2196,0.0364,-0.0001,-0.0304,3.781,0.1196,1.133,0.2635,2.1738,0.4581,0.0253,0.0786,0.1502,-0.0508,37.929,48.1877,9.4349,78.6231,28.9528,18.4845,5.328,109.5656,17.4781,2.6108,64.5952,24.2993,70.6332,1456.5316,104.1569
L02-1,9.9826,7.6392,21.1473,13.0751,5.2139,2.826,4.3453,13.2987,5.9526,14.9967,9.9393,14.0611,11.4291,2.6381,10.0298,4.7579,1.8817,0.8584,4.8912,3.8843,1.1738,1.2876,1.8902,2.2465,5.4374,10.1514,20.8188,105.7964,234.086,7.4637,7.1313,2.5362,8.8998,0.6417,1.629,0.2334,0.0363,0.1591,0.0093,1.6462,0.3228,0.6792,0.6948,1.6379,0.007,0.0894,0.0613,0.3095,-0.0248,5.0221,29.7753,24.5544,11.9687,24.4595,13.6967,6.1731,27.2124,1.2708,0.6435,16.7748,18.7456,17.4236,949.3517,24.5715
L02-3,6.1621,5.0054,29.1127,21.6593,9.7153,4.9391,4.9356,9.8283,4.3695,27.4734,25.0338,24.5331,50.6481,2.0219,26.3385,6.2328,5.3512,1.0186,13.8731,4.0674,1.1355,2.0798,2.9997,4.4592,4.9608,6.6449,15.4432,63.4717,94.5994,5.9609,6.9609,2.0922,3.8511,0.2716,0.6918,0.0852,0.069,0.1643,-0.0788,4.8417,0.3206,2.1965,0.5566,5.1656,0.4878,0.0707,-0.1136,0.9176,-0.0793,7.0809,40.1777,19.8698,6.5047,44.5641,2.8716,26.342,45.4554,1.0447,0.6061,19.9103,46.0055,22.3343,220.3568,15.7928
L03-1,6.8704,5.567,19.4479,12.1524,4.5468,2.7308,3.5436,16.0544,5.5836,11.7091,7.212,14.3465,11.4644,4.0198,8.7579,5.1963,1.907,0.9312,5.7365,4.28,1.3673,1.4966,1.8879,2.1984,3.0972,3.968,28.644,25.2308,34.3995,8.5916,8.4727,3.0985,6.9002,0.3598,0.768,0.2627,0.0195,0.0059,0.1261,0.9812,0.2278,0.5022,0.4946,0.9611,0.0948,0.0819,-0.0741,0.3149,-0.0575,73.9734,31.181,13.1727,44.7629,62.0005,17.0143,6.0097,60.5767,8.7058,4.009,54.1307,27.0656,22.5257,1306.0404,99.6571
L03-3,4.372,3.8378,14.6203,12.0539,5.0404,7.0867,7.4284,39.4501,5.7823,11.6559,6.9302,16.9971,12.2372,1.5791,5.674,3.0544,1.5656,0.6579,3.8467,4.5669,0.6634,0.8477,1.2812,2.9462,6.5946,6.3052,38.2659,46.995,147.6588,20.1833,15.2517,4.6536,157.5995,6.2999,1.3476,0.0906,-0.0332,-0.0279,0.0847,1.1096,0.2227,0.4685,0.2453,1.9954,0.1207,0.0586,-0.0475,0.1822,-0.0407,6.9002,26.4561,8.1444,12.9409,29.6044,9.4269,7.5496,24.8113,3.2612,1.4373,14.6997,12.8053,57.3043,560.9272,12.7986
L03-7,5.4904,4.487,19.0041,15.2577,5.8593,3.7048,10.1949,59.9807,5.5148,22.3608,11.4787,22.7745,248.8922,2.0605,26.255,21.844,1.2946,0.6637,7.7335,7.2029,1.0795,4.5761,2.4008,1.5622,25.3004,7.4144,68.5605,97.4616,230.6117,41.5903,9.8978,3.6841,100.4896,0.9664,0.4491,0.2257,0.0384,0.0126,-0.0393,4.8559,0.1836,0.9407,0.4013,2.1926,0.431,0.0023,0.0557,9.0547,0.0258,4.4851,24.1415,20.8731,7.7373,17.8535,8.1633,5.1551,21.9997,0.7582,0.5503,10.9945,12.9195,24.2485,692.5637,5.992
L04-1,8.3599,7.3598,23.5234,12.3795,5.3014,2.955,4.2227,14.1235,5.7209,12.715,8.9165,16.3828,16.7104,4.235,7.3264,4.5281,1.6255,0.8511,4.4161,3.6682,1.1697,1.4678,1.6623,2.125,2.9078,3.2088,16.5489,21.6635,29.9073,7.5155,6.7644,2.3307,7.2862,0.8118,0.5913,0.0566,0.0678,-0.0725,-0.1723,2.1995,0.3697,0.419,0.6997,1.8688,0.1786,0.0408,0.0034,0.477,-0.168,2.2489,25.113,8.2907,77.3621,15.8379,16.7332,3.1647,105.8639,49.825,1.8502,77.9776,22.0779,9.7931,939.2082,77.4487
L04-7,10.2591,18.1852,15.2772,11.8038,4.1028,3.6307,7.1656,93.1784,16.8933,16.7508,5.9607,23.9662,29.05,3.654,9.7469,3.4653,1.477,0.5724,9.3429,6.2416,0.8291,2.5746,1.289,2.9278,3.0758,5.4477,82.5696,80.8001,186.9504,53.2814,11.3043,3.9364,107.3128,1.0059,0.5315,0.1596,-0.013,-0.0112,-0.0064,1.942,0.2859,0.5346,0.4762,0.7705,0.0957,0.0688,-0.0033,1.3118,-0.0862,3.1631,20.265,8.5489,43.9492,10.9811,12.9833,7.5635,56.731,28.7614,1.0367,41.4556,14.4615,14.5422,622.2206,54.6835
L05-1,6.0312,4.6737,15.0105,10.1374,3.8288,1.9466,2.9155,11.1107,4.2663,11.8767,8.1318,13.0137,13.1042,2.5616,12.0525,4.7162,2.6868,0.8087,6.2603,6.5283,1.0941,1.366,2.4039,2.166,5.6306,12.9747,28.1033,58.9743,127.7303,11.3679,8.6268,3.0213,12.5875,1.1699,0.2865,0.1905,-0.0203,0.0518,0.0648,0.9753,0.3296,0.7668,0.6147,1.0862,0.1297,0.1131,0.0119,0.2454,-0.0005,1.0241,34.7285,7.9324,98.4842,12.5369,26.8867,5.1735,153.0701,38.5769,1.5746,92.2388,24.1575,33.5307,1716.8627,108.9809
L05-3,5.9055,3.7783,15.1534,12.0332,5.5572,5.8846,6.2629,31.334,7.7524,25.1935,9.777,18.8296,108.4905,2.1161,16.783,4.0515,1.318,0.5679,4.4056,5.5597,0.6553,1.3044,1.3738,5.12,5.6056,7.1786,38.6952,41.7935,112.427,15.566,19.3978,3.0446,114.9789,4.5538,0.4971,0.4149,0.034,0.0426,0.0141,1.03,0.1992,0.5773,0.2484,1.4235,0.1545,0.0594,0.0624,2.5937,0.0767,43.9205,18.2639,8.1653,26.1802,20.2252,9.6882,2.0329,38.1991,6.7954,1.9776,33.226,10.142,66.6583,549.5405,59.1613
L06-1,11.9647,7.4465,15.8622,9.7757,4.7081,4.9082,5.4564,10.2174,7.4722,54.6622,11.2757,12.7552,21.8765,2.8897,7.354,5.661,2.549,0.9996,11.6301,2.6128,1.223,1.6375,1.2503,1.705,8.2533,5.765,11.6604,23.161,30.1363,10.9063,10.2799,2.2831,6.6619,0.332,0.2198,1.1501,0.1662,-0.001,0.2757,0.8704,0.6847,0.3927,0.5875,1.9036,-0.1355,0.0591,-0.248,3.329,-0.3356,2.7243,25.5637,18.6191,7.2847,16.6836,8.6913,4.6622,23.2119,0.6669,0.4395,12.3892,15.4647,15.6184,670.4166,8.8006
L06-3,6.8735,4.2512,36.5842,8.5965,4.9968,9.4233,8.235,47.7253,7.2441,7.7737,5.5655,21.0032,13.8377,1.8045,6.6075,3.9979,2.6497,1.1129,4.24,5.3073,0.6735,1.0228,0.9318,4.2992,3.7822,4.5577,39.7814,40.7359,96.0853,22.2475,8.903,2.2043,65.5088,0.5943,0.3976,0.4943,0.0221,0.0679,0.0618,0.8316,0.21,0.2735,0.3212,0.5891,0.1065,0.0606,-0.0216,0.2782,-0.0245,1.0143,24.9875,7.9493,11.29,11.7955,12.3364,86.279,13.0447,0.6929,0.224,6.7818,9.8902,85.4634,508.3829,7.7155
L06-7,9.0184,11.3611,16.9238,13.7303,4.2269,5.3408,15.7804,78.3947,11.9319,18.5908,7.1368,22.5322,122.6674,4.9809,11.6275,5.1501,1.7613,0.6346,5.4227,7.7733,0.6778,1.8962,1.164,1.3477,7.3287,7.9077,108.5869,84.951,223.8354,47.7074,9.0826,3.7947,135.4421,1.2873,0.5125,0.2213,0.024,0.0067,0.0357,1.1811,0.2085,0.5206,0.4417,1.674,0.1645,0.0732,0.0099,5.8164,0.0206,94.2192,38.3132,15.6753,99.0536,35.4569,30.2657,3.6732,113.6281,36.4341,6.3807,97.3225,26.8817,21.3056,1664.8007,150.6471
L07-1,7.2893,5.8102,15.8797,9.6828,3.4898,3.7057,4.1609,14.4788,7.1682,10.3672,5.4517,12.5492,10.0454,3.6077,7.3428,5.441,1.7395,0.8668,4.9571,4.0005,1.4105,1.3692,1.8378,1.8527,2.3502,4.2481,22.905,22.2073,36.2895,7.6766,8.3867,3.2002,9.6516,0.7418,0.915,0.3755,0.0241,0.0527,0.081,0.4756,0.2283,0.3639,0.5529,0.4531,0.0884,0.1596,0.0149,0.245,0.0155,6.2108,24.8611,31.1553,8.1496,25,13.5706,5.6485,28.3594,1.2283,0.5191,12.7825,15.9996,17.3441,929.7561,10.2259
L07-3,4.0649,8.4871,16.0258,12.6902,6.3566,10.2743,6.1055,41.0363,4.8079,10.9656,9.3115,18.4135,33.3952,1.5472,13.1709,5.2737,113.194,1.8583,14.7576,3.5906,0.7302,1.3074,1.5632,5.7311,3.5139,4.4695,18.7835,28.998,50.7574,7.0505,9.7345,1.5149,46.5425,1.9664,0.3349,0.2522,0.0409,0.0722,0.2208,1.3212,0.1224,0.5515,0.3099,2.1793,0.171,0.0296,0.0145,0.578,-0.0007,59.611,38.6456,8.5739,91.1164,28.4787,32.2539,3.3216,123.2857,44.6228,4.8941,95.2247,27.1828,29.1568,1550.7198,139.6025
L08-1,7.2977,6.246,16.0911,10.0666,3.7598,2.751,3.6601,13.9337,6.6058,9.9896,5.9065,11.4987,10.2687,4.7034,7.2992,4.9057,1.6158,0.7907,3.4726,3.4566,1.2588,1.3671,1.6744,1.8059,2.5909,4.709,19.2681,20.3968,29.476,8.558,7.988,3.5185,12.1812,0.9163,1.633,0.3091,0.0308,0.056,0.1494,0.7097,0.3319,0.4066,0.693,0.7855,0.0886,0.1146,-0.0313,0.3057,-0.1672,3.0266,29.1319,22.8725,8.2676,17.6637,11.1179,9.448,23.8721,0.7572,0.4416,12.3855,15.7035,17.1134,842.8191,9.6083
L08-3,7.8275,8.5544,12.1315,9.0765,3.1658,3.4082,4.5379,29.921,9.44,11.6736,5.0954,14.411,7.8008,1.8375,6.0016,2.4666,1.3409,0.6068,5.5744,4.917,0.6282,0.7838,1.0711,5.2477,6.5044,9.3057,47.0236,60.9245,141.1785,17.5184,18.2176,4.6633,123.1135,8.1185,0.6512,0.2386,0.0282,0.0516,0.016,1.0092,0.2901,0.4854,0.438,1.2902,0.2096,0.0213,-0.0697,0.1701,-0.0816,72.8021,24.2843,8.6554,45.7423,29.804,14.8192,2.6151,69.1062,15.6,3.2416,59.1193,17.9983,9.5124,800.3708,93.1896
L09-1,4.4827,3.7223,13.8131,9.4458,3.4532,3.4451,3.6348,11.4989,6.8235,11.0196,7.4398,12.3813,12.3174,3.905,9.9628,4.9413,1.9027,0.756,2.8331,3.6442,1.1799,1.4135,2.6901,1.843,4.393,13.5042,27.3111,20.2336,33.3639,9.6521,7.701,2.6274,20.8926,1.508,0.2699,0.4331,0.0172,0.129,0.0925,0.8377,0.2997,0.7538,0.5486,0.8801,0.1378,0.0663,-0.0662,0.3709,-0.009,53.4064,33.932,8.1607,62.5174,22.4619,18.9114,14.0487,79.0198,18.4353,2.9002,58.9114,21.8371,56.0827,1203.5329,89.3765
L09-3,6.7225,4.1339,10.3816,8.9986,3.6924,4.3459,5.5002,26.4895,6.6452,8.5247,5.026,15.9552,9.9448,2.8662,10.9913,2.8315,1.7483,0.6658,7.8331,5.4337,0.9945,1.0684,1.8378,15.566,12.3263,8.2156,43.0615,84.8983,175.7224,16.5978,36.4825,6.6299,133.1321,6.0387,0.394,0.0011,0.0308,0.0322,0.0761,0.6541,0.0426,0.3091,0.422,1.0351,0.0607,0.0018,-0.0693,0.2575,-0.1411,3.3525,30.8877,19.9709,7.3509,19.0639,7.4482,4.7826,24.7627,1.3019,0.8071,13.0563,15.7562,13.7461,812.7484,11.7873
L10-1,6.1775,5.5573,15.2919,9.8122,3.4713,2.8863,3.4647,9.377,6.2103,10.2567,6.2531,11.6239,11.4873,4.2963,7.556,5.7706,1.9068,0.8114,3.9386,3.6858,1.3908,1.3787,1.7963,1.9944,6.0326,5.8458,22.6157,22.5133,31.1751,9.1959,10.2498,3.4517,14.7589,0.7886,1.1018,0.3037,0.066,0.0328,0.0818,0.4951,0.3028,0.4174,0.5538,0.7983,0.1655,0.0945,-0.0027,0.4378,-0.0592,15.1566,29.3227,10.279,61.7778,17.6325,20.723,2.9296,95.2916,30.6803,1.5873,61.1293,21.4835,14.3572,1034.6925,85.6289
L10-3,7.3485,7.0212,13.7731,13.7226,4.2174,5.9054,6.1508,41.1266,8.4917,11.2376,5.3202,19.7513,24.5179,2.5044,8.0699,3.049,1.9725,0.82,5.9982,5.8215,0.6784,1.9168,1.174,5.006,4.9892,5.904,64.6701,67.1895,184.1884,20.8231,19.0042,3.6143,143.5306,4.1124,0.63,0.0926,-0.0104,-0.0237,0.0178,1.2403,0.259,0.4669,0.399,1.1588,0.1221,0.0534,0.0069,1.2923,-0.0206,2.3961,50.1196,9.9381,134.7192,14.1659,29.7093,6.7715,180.7474,58.6507,2.48,119.5612,28.2949,40.4629,2152.0824,135.8974
L11-1,8.5498,7.3445,21.0345,13.2729,4.9641,4.6466,5.7398,17.4092,7.094,14.6868,10.6686,15.766,31.9057,3.3973,8.3864,6.4573,1.9881,0.7822,4.2336,2.0585,1.6726,1.4732,1.7366,1.9402,6.7218,5.4662,14.1951,22.9421,32.8444,4.417,9.3511,1.5782,11.5796,1.6355,1.0518,0.6693,-0.3579,-0.3124,-0.5561,0.9218,0.0111,0.7119,0.6423,1.1435,0.5511,-0.2586,0.8937,1.63,-1.1635,9.2208,25.3847,21.1738,6.8566,21.5898,7.4872,4.881,26.2863,1.544,0.8427,11.8676,15.8944,14.5742,662.8321,7.8384
L11-3,5.5338,3.9743,11.7394,29.4321,4.2315,7.1555,6.1087,45.979,5.0042,9.255,5.4006,19.2447,7.5337,1.7224,4.9971,3.0608,2.1795,0.9723,4.2019,5.1905,0.5549,0.8453,1.0857,4.265,7.8206,11.3641,68.1871,62.2995,147.9317,29.7123,11.0502,4.3669,113.3088,7.0784,0.4263,0.4756,0.0185,0.0563,-0.003,0.5853,0.2351,0.4498,0.2218,0.9351,0.1524,0.1555,0.0292,0.2066,-0.0489,3.2618,25.9244,25.666,7.5379,19.8998,10.7903,6.1934,28.8068,0.7941,0.4868,11.9668,17.9116,11.6305,901.8125,13.756
L12-1,7.2207,5.8,16.3314,10.2519,3.4491,3.0682,4.128,14.0141,6.2172,10.2702,7.6196,13.1722,12.0353,3.6213,7.0767,5.1215,2.4549,0.8046,5.195,4.2537,1.407,1.3737,1.8396,1.8205,6.4972,6.0096,17.5215,21.6972,34.1061,5.7434,11.8097,2.696,12.4187,0.706,0.1815,0.486,0.0764,0.0284,0.0877,0.37,0.3787,0.5302,0.4769,0.7955,0.1025,0.1166,-0.1348,0.421,-0.0457,35.6917,19.8343,12.5792,27.029,23.9285,14.9208,4.0041,40.1101,8.9998,3.4532,28.7623,11.4827,11.4689,670.5044,52.1537
L12-7,8.7648,10.4369,15.5183,12.8638,4.1332,3.0313,5.2952,21.5446,13.9115,25.5501,10.024,21.1568,206.3459,1.6468,25.5088,23.9902,2.5315,0.6113,7.2832,4.0777,1.046,4.1931,1.8543,1.451,29.7043,4.3611,34.0556,36.1266,106.4334,11.8761,13.9556,2.4266,92.9903,1.8992,0.3815,0.2675,0.093,-0.0115,0.1584,4.2019,0.0971,0.661,0.2905,2.1561,0.41,0.0477,0.0189,4.5268,-0.0493,10.0913,25.8001,12.3353,5.657,32.1788,2.4658,19.6879,28.9704,0.972,0.5861,10.8883,30.2931,32.2425,163.7022,9.1218
L13-1,6.8258,5.9027,19.1749,13.4052,5.2579,3.7254,3.4906,12.1917,5.5816,18.4551,9.5315,15.9366,11.0626,2.8656,21.8797,5.7819,2.0927,0.7758,6.0908,4.1599,1.1945,1.5738,2.3629,2.037,4.1985,7.1789,22.3378,21.858,33.0508,7.7011,9.1353,2.6702,11.4845,0.7856,0.556,0.2703,0.0262,0.091,0.1361,2.3512,0.2766,1.2546,0.7809,2.1202,0.2638,0.103,0.0215,0.1464,0.0185,8.1787,28.5125,17.0532,7.7889,18.9694,9.0507,6.4425,25.9672,0.8767,0.5249,12.0579,16.8539,18.7409,736.2672,7.265
L13-3,5.8892,4.4153,14.3222,13.1425,3.8607,5.5931,6.9293,42.4045,7.0004,11.3911,5.9058,21.2863,27.6681,2.19,10.0635,4.0594,2.6371,0.8125,6.8953,4.584,0.7662,1.9331,1.5105,3.1716,9.028,8.6207,64.7725,72.7144,182.0771,25.9442,14.3445,3.8187,116.0489,3.7801,0.3624,0.351,-0.0008,-0.0081,0.056,1.7097,0.32,0.6035,0.254,0.9041,0.1403,0.034,-0.0755,1.3643,-0.0121,23.1589,24.1023,10.7686,11.458,11.0259,16.9038,2.4173,95.2454,7.7904,3.3126,22.2259,14.7925,10.7018,857.4572,68.0788
L13-7,4.6027,4.5851,21.0649,17.9918,7.6204,7.3706,5.4777,16.5638,5.5036,29.498,11.7822,16.4344,331.7625,1.7003,23.8172,63.7737,1.4894,0.7006,3.3695,3.4034,0.8744,2.3211,2.0248,2.3176,9.517,5.8867,25.9604,31.6719,91.7373,11.0317,13.1382,2.3486,95.1435,1.5057,0.5375,0.3764,0.0323,0.0379,0.0348,1.1053,0.1615,0.8451,0.3799,1.6146,0.1149,0.0598,0.1237,0.4611,0.2325,7.0567,39.2814,12.6431,6.6903,20.3858,6.9727,11.2218,28.8566,0.5516,0.2927,14.3175,17.2099,33.2026,906.3113,6.0367
L14-1,14.5559,11.3811,17.418,12.5521,5.0563,2.6071,4.3274,11.5937,18.0918,60.3064,11.3317,13.1916,55.0084,3.9146,14.229,6.174,1.5283,0.668,3.5086,5.1068,1.0384,1.3139,2.1867,1.5951,2.6101,4.3154,24.2071,41.7793,66.0364,15.2489,7.7452,3.9355,7.1859,1.2893,0.3213,0.4164,0.0559,0.1335,0.0449,1.2276,0.3101,0.8921,0.5191,1.4296,0.1359,0.0802,0.0335,1.159,-0.1773,58.9852,21.4124,11.7614,32.8146,28.4266,15.5879,2.4291,60.0479,11.1286,2.2921,42.2721,16.8666,11.135,839.8451,76.7238
L14-7,4.7958,5.9017,18.6507,14.3749,5.3726,6.3267,9.1693,37.876,6.7162,23.869,10.4664,16.2757,155.9835,2.5854,13.7501,12.6407,0.9324,0.5474,4.5949,6.5862,0.9639,1.5393,2.1804,1.5083,6.6908,5.7513,68.0336,65.7664,174.1203,25.9205,21.7704,4.1669,132.7321,2.5514,0.4853,0.0709,0.1437,-0.0041,-0.0117,0.5519,0.2238,0.771,0.7068,1.7341,0.3273,0.0455,0.024,0.2119,-0.0341,5.7728,24.3038,14.1449,6.9499,12.403,5.3971,3.9905,17.874,1.25,0.2181,8.4039,12.2614,36.9516,441.6226,4.7583
L15-1,9.7972,8.8867,20.4269,14.1127,5.2101,1.5742,2.5249,10.6765,12.3286,26.6735,12.5235,14.2878,13.0887,2.2033,34.4228,8.3474,2.2087,0.8833,6.4166,5.6094,1.4623,1.7791,3.4207,3.939,8.6227,9.0633,12.2742,21.1894,29.9361,8.5665,9.5931,2.7276,5.7673,0.7391,0.639,0.3516,0.0604,0.0128,0.0252,1.7721,0.4664,1.6291,0.7088,1.9462,0.2122,0.4185,0.1443,0.2371,-0.0002,46.687,30.6478,11.75,46.4581,44.696,23.7444,2.8689,86.2456,11.0565,2.2663,57.9873,25.2483,21.2561,1240.4808,109.9436
L15-3,4.919,4.1363,10.3675,34.9107,3.48,9.3583,7.3021,41.919,4.6056,6.0285,5.3952,20.7139,16.6511,1.1494,3.9143,51.6906,2.6058,1.116,3.3531,3.9636,0.6258,1.2221,1.4158,1.2927,3.5004,4.9272,49.9742,45.8271,118.9984,25.117,9.4661,2.7932,91.4724,3.0865,0.5505,0.1589,0.3647,0.0325,0.0672,0.8775,0.2936,0.5433,0.3405,1.0693,0.0866,0.0789,0.0377,0.1051,0.0898,2.1774,39.7281,10.1845,15.3995,18.7803,18.6545,6.4393,21.4212,0.569,0.347,12.9214,14.36,20.6565,1048.4375,12.2683
L15-7,4.795,5.0447,14.5305,13.363,4.6326,6.8387,8.1857,24.1262,6.9966,15.6678,9.9107,22.0752,220.1289,1.6505,12.1612,110.0852,3.4461,0.7758,7.2752,5.3449,1.0058,2.1373,2.1084,1.1376,7.927,4.9975,41.8772,75.1321,186.5425,12.8929,16.5641,3.4613,115.4077,2.981,0.4244,0.1652,0.1616,0.0328,-0.0046,1.5756,0.1011,0.3902,0.3281,1.1063,0.1172,0.0841,0.0602,0.0678,-0.0132,39.9903,29.6381,15.4524,44.1348,39.4117,23.3431,6.2255,76.7641,12.3564,2.878,39.4288,19.7118,24.1546,1122.8809,85.118
L16-3,12.2855,5.4576,12.6379,9.6716,3.6877,5.1936,10.3027,47.7765,14.5626,14.3223,6.2444,16.1504,74.0641,2.0361,9.6167,3.5922,1.3695,0.5668,4.948,5.3015,0.6695,1.5492,1.1234,5.7855,4.3459,9.0297,62.9911,64.1899,168.5264,28.4484,13.5333,2.597,118.231,1.7843,0.3884,0.26,-0.0031,0.0321,-0.0047,1.1665,0.1945,0.4057,0.2523,1.0427,0.1262,0.0369,0.0441,1.7962,-0.0049,53.4828,16.4278,8.7531,33.1103,26.3266,26.1364,2.0313,66.2164,22.0676,3.6861,52.7675,20.5415,8.4438,645.7618,79.3353
L16-7,7.585,4.7007,14.773,11.2948,4.3197,3.1274,3.9101,28.862,11.3418,14.9817,6.7045,15.6824,42.7889,1.7816,10.1273,5.8039,2.1994,0.6772,6.9172,6.8563,0.8864,2.1587,1.5879,1.5592,3.6229,4.3446,49.4213,88.3611,208.3377,18.663,14.8199,3.0884,90.2182,2.2112,0.2884,0.2599,0.0372,0.0375,0.0419,1.733,0.2167,0.4272,0.3892,0.9292,0.162,0.0396,-0.0489,1.2628,-0.0378,99.8843,20.0712,8.9069,22.8523,58.9699,12.7889,3.5083,49.579,7.5209,3.7046,57.6181,17.1874,16.2527,855.3519,101.46
L17-1,6.463,5.3537,15.3313,10.5761,3.8128,2.8006,5.9517,16.2338,6.2338,10.6385,6.4443,12.224,12.54,4.2279,9.0312,5.587,2.0678,0.7816,4.6801,4.2984,1.3557,1.3764,2.2288,2.5465,7.2449,5.6175,33.5636,22.1898,35.7096,14.0666,9.752,3.771,24.812,0.9589,0.7837,0.2221,0.0209,0.0582,0.1653,0.8464,0.2772,0.5379,0.6083,0.9061,0.1471,0.1222,-1E-04,0.3396,-0.032,2.0292,33.4124,16.0667,8.4397,20.4548,13.8104,5.7246,18.6335,0.8224,0.3666,8.86,12.9555,32.2655,844.9454,9.802
L17-3,9.3387,9.574,24.7273,12.3247,4.4731,2.7342,1.9099,5.0851,9.2107,216.2983,10.3177,18.56,72.7275,3.9489,19.881,35.718,7.3515,1.5756,6.6926,3.9855,4.6062,7.8629,8.822,6.0954,5.9755,5.4653,14.3738,17.7917,34.8512,39.0148,20.5136,2.2245,14.7314,0.6108,0.4054,0.1284,0.0927,0.0224,0.1782,1.4027,0.6448,0.808,1.587,0.8171,0.2347,0.2087,0.189,2.1067,0.0443,27.4307,17.0433,9.0906,37.9348,25.2491,28.3244,2.8197,62.9576,23.241,4.0806,39.4741,18.7341,8.5953,706.7664,91.113
L17-7,4.7023,5.7248,27.7065,22.0254,8.9209,2.934,62.3478,20.4907,6.6508,145.1323,30.2412,41.2145,474.1241,1.8477,18.1242,58.0597,1.1447,0.5975,5.4306,4.9202,0.868,2.8045,3.21,1.9633,4.7244,9.0401,36.2746,37.8261,98.2374,27.862,18.6345,2.4442,90.9275,1.2544,0.2698,0.2528,0.1645,-0.0117,-0.0233,3.4375,0.1262,2.0023,0.4991,4.0002,0.1985,0.0666,0.0065,1.0303,0.0681,244.2555,53.6981,8.951,75.4307,85.2239,31.2862,7.6635,193.033,27.5393,5.0309,176.4348,30.4074,53.1805,2303.3833,240.316
L18-3,4.0999,3.2202,21.7569,19.6856,7.1144,5.2907,20.3377,12.8353,4.129,12.3904,22.2642,26.1281,56.54,1.7806,47.5191,95.6208,78.5757,2.4742,21.7571,4.2225,0.752,1.042,2.5681,1.6036,3.2255,5.39,16.009,45.4559,26.6577,5.7929,7.3558,1.9756,11.3084,1.7441,0.813,0.3917,2.9657,-0.0493,0.119,2.044,0.2876,2.4098,0.3796,4.4917,0.1465,0.1184,-0.0125,0.1913,0.1548,35.2395,20.4467,8.2207,29.6937,17.6256,17.929,3.3225,42.8722,32.0982,2.9782,42.577,15.4558,17.0815,569.9938,54.2439
